{"is_source_file": true, "format": "JavaScript (React)", "description": "A simple React front-end JavaScript file that renders a 'Hello from WebAppFrontend' message into the DOM element with id 'root'. It imports React and createRoot from react-dom/client, defines a functional component App, and renders it.", "external_files": ["react", "react-dom/client"], "external_methods": ["React.createElement", "createRoot"], "published": [], "classes": [], "methods": [{"name": "App", "description": "A React functional component that renders a div with greeting text."}], "calls": ["React.createElement", "createRoot"], "search-terms": ["React", "createRoot", "WebAppFrontend", "index.js", "React.createElement", "render"], "state": 2, "file_id": 3, "knowledge_revision": 11, "git_revision": "5db6214490618b6f17fcc310705ee26c8d8533b3", "ctags": [{"_type": "tag", "name": "App", "path": "/home/kavia/workspace/code-generation/lms_dt3-307785-309184/WebAppFrontend/src/index.js", "pattern": "/^const App = ()=> React.createElement('div',null,'Hello from WebAppFrontend')$/", "language": "JavaScript", "kind": "constant"}], "hash": "afbbecc3b1401c1fc714081789298fdc", "format-version": 4, "code-base-name": "WebAppFrontend", "filename": "WebAppFrontend/src/index.js", "revision_history": [{"11": "5db6214490618b6f17fcc310705ee26c8d8533b3"}]}