{"is_source_file": true, "file_id": 6, "git_revision": "", "state": 3, "description": "", "external_files": [], "external_methods": [], "published": [], "classes": [], "methods": [], "calls": [], "search-terms": [], "ctags": [{"_type": "tag", "name": "js", "path": "/home/kavia/workspace/code-generation/lms_dt3-307785-309184/WebAppFrontend/eslint.config.js", "pattern": "/^const js = require('@eslint\\/js');$/", "language": "JavaScript", "kind": "constant"}, {"_type": "tag", "name": "jsxA11yPlugin", "path": "/home/kavia/workspace/code-generation/lms_dt3-307785-309184/WebAppFrontend/eslint.config.js", "pattern": "/^const jsxA11yPlugin = require('eslint-plugin-jsx-a11y');$/", "language": "JavaScript", "kind": "constant"}, {"_type": "tag", "name": "prettierConfig", "path": "/home/kavia/workspace/code-generation/lms_dt3-307785-309184/WebAppFrontend/eslint.config.js", "pattern": "/^const prettierConfig = require('eslint-config-prettier');$/", "language": "JavaScript", "kind": "constant"}, {"_type": "tag", "name": "reactHooksPlugin", "path": "/home/kavia/workspace/code-generation/lms_dt3-307785-309184/WebAppFrontend/eslint.config.js", "pattern": "/^const reactHooksPlugin = require('eslint-plugin-react-hooks');$/", "language": "JavaScript", "kind": "constant"}, {"_type": "tag", "name": "reactPlugin", "path": "/home/kavia/workspace/code-generation/lms_dt3-307785-309184/WebAppFrontend/eslint.config.js", "pattern": "/^const reactPlugin = require('eslint-plugin-react');$/", "language": "JavaScript", "kind": "constant"}], "format": "JavaScript", "hash": "3e23c63d02dc1b0c9453e0b2cc36cdb7", "format-version": 4, "code-base-name": "WebAppFrontend", "filename": "WebAppFrontend/eslint.config.js", "knowledge_revision": 13}