{"is_source_file": true, "format": "JavaScript (React JSX)", "description": "This file is a React component that serves as the entry point for the WebAppFrontend web application. It imports React and ReactDOM, defines a simple App component, and renders it into the DOM element with id 'root'.", "external_files": ["react", "react-dom/client"], "external_methods": ["React.createElement", "createRoot"], "published": ["App"], "classes": [], "methods": [{"name": "App", "description": "A React functional component that renders a simple div with greeting text."}], "calls": ["React.createElement", "createRoot"], "search-terms": ["index.js", "React component", "WebAppFrontend", "react-dom", "createRoot"], "state": 2, "file_id": 3, "knowledge_revision": 16, "git_revision": "9e02a853b38889e251b7a256e6ca7c8a856648c4", "revision_history": [{"11": "5db6214490618b6f17fcc310705ee26c8d8533b3"}, {"16": "9e02a853b38889e251b7a256e6ca7c8a856648c4"}], "ctags": [{"_type": "tag", "name": "App", "path": "/home/kavia/workspace/code-generation/lms_dt3-307785-309184/WebAppFrontend/src/index.js", "pattern": "/^const App = () => React.createElement('div', null, 'Hello from WebAppFrontend');$/", "language": "JavaScript", "kind": "constant"}], "hash": "8d693146cf92be9e988e17dc0a2d490d", "format-version": 4, "code-base-name": "WebAppFrontend", "filename": "WebAppFrontend/src/index.js"}