{"is_source_file": false, "format": "", "description": "", "external_files": [], "external_methods": [], "published": [], "classes": [], "methods": [], "calls": [], "search-terms": [], "state": 2, "file_id": 4, "knowledge_revision": 12, "git_revision": "ca9c9bb3fb79554a21128e35d577d2da789fdd44", "revision_history": [{"10": "5db6214490618b6f17fcc310705ee26c8d8533b3"}, {"12": "ca9c9bb3fb79554a21128e35d577d2da789fdd44"}], "hash": "6ed585ba27f02af6194db2830aa30868", "format-version": 4, "code-base-name": "WebAppFrontend", "filename": "WebAppFrontend/package.json"}