{"is_source_file": false, "format": "", "description": "", "external_files": [], "external_methods": [], "published": [], "classes": [], "methods": [], "calls": [], "search-terms": ["index.html", "HTML", "web page", "frontend", "div#root"], "state": 2, "file_id": 2, "knowledge_revision": 9, "git_revision": "5db6214490618b6f17fcc310705ee26c8d8533b3", "hash": "a152efb18d86ab3841da6fdf893693b4", "format-version": 4, "code-base-name": "WebAppFrontend", "filename": "WebAppFrontend/public/index.html", "revision_history": [{"9": "5db6214490618b6f17fcc310705ee26c8d8533b3"}]}