{"is_source_file": false, "format": "", "description": "", "external_files": [], "external_methods": [], "published": [], "classes": [], "methods": [], "calls": [], "search-terms": [], "state": 2, "file_id": 4, "knowledge_revision": 15, "git_revision": "9e02a853b38889e251b7a256e6ca7c8a856648c4", "revision_history": [{"10": "5db6214490618b6f17fcc310705ee26c8d8533b3"}, {"12": "ca9c9bb3fb79554a21128e35d577d2da789fdd44"}, {"15": "9e02a853b38889e251b7a256e6ca7c8a856648c4"}], "hash": "02a61748324ee0bdc8113cd8daf9808f", "format-version": 4, "code-base-name": "WebAppFrontend", "filename": "WebAppFrontend/package.json"}