{"is_source_file": false, "format": "", "description": "", "external_files": [], "external_methods": [], "published": [], "classes": [], "methods": [], "calls": [], "search-terms": [], "state": 2, "file_id": 4, "knowledge_revision": 10, "git_revision": "5db6214490618b6f17fcc310705ee26c8d8533b3", "hash": "6e092639936b9c27f36004b3f9bde243", "format-version": 4, "code-base-name": "WebAppFrontend", "filename": "WebAppFrontend/package.json", "revision_history": [{"10": "5db6214490618b6f17fcc310705ee26c8d8533b3"}]}